<?xml version="1.0" encoding="UTF-8"?>
<GenRun Id="synth_1" LaunchPart="xc7z020clg484-1" LaunchTime="1599365925">
  <File Type="RDS-PROPCONSTRS" Name="AXI_GPIO_Sim_wrapper_drc_synth.rpt"/>
  <File Type="PA-TCL" Name="AXI_GPIO_Sim_wrapper.tcl"/>
  <File Type="RDS-RDS" Name="AXI_GPIO_Sim_wrapper.vds"/>
  <File Type="RDS-UTIL" Name="AXI_GPIO_Sim_wrapper_utilization_synth.rpt"/>
  <File Type="RDS-UTIL-PB" Name="AXI_GPIO_Sim_wrapper_utilization_synth.pb"/>
  <File Type="RDS-DCP" Name="AXI_GPIO_Sim_wrapper.dcp"/>
  <File Type="VDS-TIMINGSUMMARY" Name="AXI_GPIO_Sim_wrapper_timing_summary_synth.rpt"/>
  <File Type="VDS-TIMING-PB" Name="AXI_GPIO_Sim_wrapper_timing_summary_synth.pb"/>
  <FileSet Name="sources" Type="DesignSrcs" RelSrcDir="$PSRCDIR/sources_1">
    <Filter Type="Srcs"/>
    <File Path="$PSRCDIR/sources_1/bd/AXI_GPIO_Sim/AXI_GPIO_Sim.bd">
      <FileInfo>
        <Attr Name="UsedIn" Val="synthesis"/>
        <Attr Name="UsedIn" Val="implementation"/>
        <Attr Name="UsedIn" Val="simulation"/>
      </FileInfo>
    </File>
    <File Path="$PSRCDIR/sources_1/bd/AXI_GPIO_Sim/hdl/AXI_GPIO_Sim_wrapper.v">
      <FileInfo>
        <Attr Name="UsedIn" Val="synthesis"/>
        <Attr Name="UsedIn" Val="implementation"/>
        <Attr Name="UsedIn" Val="simulation"/>
      </FileInfo>
    </File>
    <Config>
      <Option Name="DesignMode" Val="RTL"/>
      <Option Name="TopModule" Val="AXI_GPIO_Sim_wrapper"/>
      <Option Name="TopAutoSet" Val="TRUE"/>
    </Config>
  </FileSet>
  <FileSet Name="constrs_in" Type="Constrs" RelSrcDir="$PSRCDIR/constrs_1">
    <Filter Type="Constrs"/>
    <Config>
      <Option Name="ConstrsType" Val="XDC"/>
    </Config>
  </FileSet>
  <Strategy Version="1" Minor="2">
    <StratHandle Name="Vivado Synthesis Defaults" Flow="Vivado Synthesis 2017">
      <Desc>Vivado Synthesis Defaults</Desc>
    </StratHandle>
    <Step Id="synth_design"/>
  </Strategy>
  <BlockFileSet Type="BlockSrcs" Name="AXI_GPIO_Sim_axi_vip_0_0"/>
  <BlockFileSet Type="BlockSrcs" Name="AXI_GPIO_Sim_axi_gpio_0_0"/>
</GenRun>
